path	@id	schema
/_anyOf/0/type		https://beta.schemas.opengis.net/json-fg/featurecollection.json
/_anyOf/0/featureType		https://beta.schemas.opengis.net/json-fg/featurecollection.json
/_anyOf/0/geometryDimension		https://beta.schemas.opengis.net/json-fg/featurecollection.json
/_anyOf/0/featureSchema		https://beta.schemas.opengis.net/json-fg/featurecollection.json
/_anyOf/0/coordRefSys		https://beta.schemas.opengis.net/json-fg/featurecollection.json
/_anyOf/0/coordRefSys/_oneOf/0/_oneOf/1/type		https://beta.schemas.opengis.net/json-fg/coordrefsys.json
/_anyOf/0/coordRefSys/_oneOf/0/_oneOf/1/href		https://beta.schemas.opengis.net/json-fg/coordrefsys.json
/_anyOf/0/coordRefSys/_oneOf/0/_oneOf/1/epoch		https://beta.schemas.opengis.net/json-fg/coordrefsys.json
/_anyOf/0/coordRefSys/_oneOf/0/_oneOf/2/type		https://beta.schemas.opengis.net/json-fg/coordrefsys.json
/_anyOf/0/measures		https://beta.schemas.opengis.net/json-fg/featurecollection.json
/_anyOf/0/measures/enabled		https://beta.schemas.opengis.net/json-fg/measures.json
/_anyOf/0/measures/unit		https://beta.schemas.opengis.net/json-fg/measures.json
/_anyOf/0/measures/description		https://beta.schemas.opengis.net/json-fg/measures.json
/_anyOf/0/features		https://beta.schemas.opengis.net/json-fg/featurecollection.json
/_anyOf/0/features/type		https://beta.schemas.opengis.net/json-fg/feature.json
/_anyOf/0/features/id		https://beta.schemas.opengis.net/json-fg/feature.json
/_anyOf/0/features/featureType		https://beta.schemas.opengis.net/json-fg/feature.json
/_anyOf/0/features/featureSchema		https://beta.schemas.opengis.net/json-fg/feature.json
/_anyOf/0/features/time		https://beta.schemas.opengis.net/json-fg/feature.json
/_anyOf/0/features/time/_oneOf/1/date		https://beta.schemas.opengis.net/json-fg/time.json
/_anyOf/0/features/time/_oneOf/1/timestamp		https://beta.schemas.opengis.net/json-fg/time.json
/_anyOf/0/features/time/_oneOf/1/interval		https://beta.schemas.opengis.net/json-fg/time.json
/_anyOf/0/features/coordRefSys		https://beta.schemas.opengis.net/json-fg/feature.json
/_anyOf/0/features/measures		https://beta.schemas.opengis.net/json-fg/feature.json
/_anyOf/0/features/place		https://beta.schemas.opengis.net/json-fg/feature.json
/_anyOf/0/features/place/_oneOf/1/type		https://beta.schemas.opengis.net/json-fg/geometry-object.json
/_anyOf/0/features/place/_oneOf/1/coordRefSys		https://beta.schemas.opengis.net/json-fg/geometry-object.json
/_anyOf/0/features/place/_oneOf/1/measures		https://beta.schemas.opengis.net/json-fg/geometry-object.json
/_anyOf/0/features/place/_oneOf/1/coordinates		https://beta.schemas.opengis.net/json-fg/geometry-object.json
/_anyOf/0/features/place/_oneOf/1/bbox		https://beta.schemas.opengis.net/json-fg/geometry-object.json
/_anyOf/0/features/place/_oneOf/2/type		https://beta.schemas.opengis.net/json-fg/geometry-object.json
/_anyOf/0/features/place/_oneOf/2/coordRefSys		https://beta.schemas.opengis.net/json-fg/geometry-object.json
/_anyOf/0/features/place/_oneOf/2/measures		https://beta.schemas.opengis.net/json-fg/geometry-object.json
/_anyOf/0/features/place/_oneOf/2/coordinates		https://beta.schemas.opengis.net/json-fg/geometry-object.json
/_anyOf/0/features/place/_oneOf/2/bbox		https://beta.schemas.opengis.net/json-fg/geometry-object.json
/_anyOf/0/features/place/_oneOf/3/type		https://beta.schemas.opengis.net/json-fg/geometry-object.json
/_anyOf/0/features/place/_oneOf/3/coordRefSys		https://beta.schemas.opengis.net/json-fg/geometry-object.json
/_anyOf/0/features/place/_oneOf/3/measures		https://beta.schemas.opengis.net/json-fg/geometry-object.json
/_anyOf/0/features/place/_oneOf/3/coordinates		https://beta.schemas.opengis.net/json-fg/geometry-object.json
/_anyOf/0/features/place/_oneOf/3/bbox		https://beta.schemas.opengis.net/json-fg/geometry-object.json
/_anyOf/0/features/place/_oneOf/4/type		https://beta.schemas.opengis.net/json-fg/geometry-object.json
/_anyOf/0/features/place/_oneOf/4/coordRefSys		https://beta.schemas.opengis.net/json-fg/geometry-object.json
/_anyOf/0/features/place/_oneOf/4/measures		https://beta.schemas.opengis.net/json-fg/geometry-object.json
/_anyOf/0/features/place/_oneOf/4/coordinates		https://beta.schemas.opengis.net/json-fg/geometry-object.json
/_anyOf/0/features/place/_oneOf/4/bbox		https://beta.schemas.opengis.net/json-fg/geometry-object.json
/_anyOf/0/features/place/_oneOf/5/type		https://beta.schemas.opengis.net/json-fg/geometry-object.json
/_anyOf/0/features/place/_oneOf/5/coordRefSys		https://beta.schemas.opengis.net/json-fg/geometry-object.json
/_anyOf/0/features/place/_oneOf/5/measures		https://beta.schemas.opengis.net/json-fg/geometry-object.json
/_anyOf/0/features/place/_oneOf/5/coordinates		https://beta.schemas.opengis.net/json-fg/geometry-object.json
/_anyOf/0/features/place/_oneOf/5/bbox		https://beta.schemas.opengis.net/json-fg/geometry-object.json
/_anyOf/0/features/place/_oneOf/6/type		https://beta.schemas.opengis.net/json-fg/geometry-object.json
/_anyOf/0/features/place/_oneOf/6/coordRefSys		https://beta.schemas.opengis.net/json-fg/geometry-object.json
/_anyOf/0/features/place/_oneOf/6/measures		https://beta.schemas.opengis.net/json-fg/geometry-object.json
/_anyOf/0/features/place/_oneOf/6/coordinates		https://beta.schemas.opengis.net/json-fg/geometry-object.json
/_anyOf/0/features/place/_oneOf/6/bbox		https://beta.schemas.opengis.net/json-fg/geometry-object.json
/_anyOf/0/features/place/_oneOf/7/type		https://beta.schemas.opengis.net/json-fg/geometry-object.json
/_anyOf/0/features/place/_oneOf/7/coordRefSys		https://beta.schemas.opengis.net/json-fg/geometry-object.json
/_anyOf/0/features/place/_oneOf/7/measures		https://beta.schemas.opengis.net/json-fg/geometry-object.json
/_anyOf/0/features/place/_oneOf/7/geometries		https://beta.schemas.opengis.net/json-fg/geometry-object.json
/_anyOf/0/features/place/_oneOf/7/bbox		https://beta.schemas.opengis.net/json-fg/geometry-object.json
/_anyOf/0/features/place/_oneOf/8/type		https://beta.schemas.opengis.net/json-fg/geometry-object.json
/_anyOf/0/features/place/_oneOf/8/coordRefSys		https://beta.schemas.opengis.net/json-fg/geometry-object.json
/_anyOf/0/features/place/_oneOf/8/measures		https://beta.schemas.opengis.net/json-fg/geometry-object.json
/_anyOf/0/features/place/_oneOf/8/coordinates		https://beta.schemas.opengis.net/json-fg/geometry-object.json
/_anyOf/0/features/place/_oneOf/8/bbox		https://beta.schemas.opengis.net/json-fg/geometry-object.json
/_anyOf/0/features/place/_oneOf/9/type		https://beta.schemas.opengis.net/json-fg/geometry-object.json
/_anyOf/0/features/place/_oneOf/9/coordRefSys		https://beta.schemas.opengis.net/json-fg/geometry-object.json
/_anyOf/0/features/place/_oneOf/9/measures		https://beta.schemas.opengis.net/json-fg/geometry-object.json
/_anyOf/0/features/place/_oneOf/9/coordinates		https://beta.schemas.opengis.net/json-fg/geometry-object.json
/_anyOf/0/features/place/_oneOf/9/bbox		https://beta.schemas.opengis.net/json-fg/geometry-object.json
/_anyOf/0/features/place/_oneOf/10/type		https://beta.schemas.opengis.net/json-fg/geometry-object.json
/_anyOf/0/features/place/_oneOf/10/coordRefSys		https://beta.schemas.opengis.net/json-fg/geometry-object.json
/_anyOf/0/features/place/_oneOf/10/measures		https://beta.schemas.opengis.net/json-fg/geometry-object.json
/_anyOf/0/features/place/_oneOf/10/base		https://beta.schemas.opengis.net/json-fg/geometry-object.json
/_anyOf/0/features/place/_oneOf/10/lower		https://beta.schemas.opengis.net/json-fg/geometry-object.json
/_anyOf/0/features/place/_oneOf/10/upper		https://beta.schemas.opengis.net/json-fg/geometry-object.json
/_anyOf/0/features/place/_oneOf/10/bbox		https://beta.schemas.opengis.net/json-fg/geometry-object.json
/_anyOf/0/features/place/_oneOf/11/type		https://beta.schemas.opengis.net/json-fg/geometry-object.json
/_anyOf/0/features/place/_oneOf/11/coordRefSys		https://beta.schemas.opengis.net/json-fg/geometry-object.json
/_anyOf/0/features/place/_oneOf/11/measures		https://beta.schemas.opengis.net/json-fg/geometry-object.json
/_anyOf/0/features/place/_oneOf/11/prisms		https://beta.schemas.opengis.net/json-fg/geometry-object.json
/_anyOf/0/features/place/_oneOf/11/bbox		https://beta.schemas.opengis.net/json-fg/geometry-object.json
/_anyOf/0/features/place/_oneOf/12/type		https://beta.schemas.opengis.net/json-fg/geometry-object.json
/_anyOf/0/features/place/_oneOf/12/coordRefSys		https://beta.schemas.opengis.net/json-fg/geometry-object.json
/_anyOf/0/features/place/_oneOf/12/measures		https://beta.schemas.opengis.net/json-fg/geometry-object.json
/_anyOf/0/features/place/_oneOf/12/coordinates		https://beta.schemas.opengis.net/json-fg/geometry-object.json
/_anyOf/0/features/place/_oneOf/12/bbox		https://beta.schemas.opengis.net/json-fg/geometry-object.json
/_anyOf/0/features/place/_oneOf/13/type		https://beta.schemas.opengis.net/json-fg/geometry-object.json
/_anyOf/0/features/place/_oneOf/13/coordRefSys		https://beta.schemas.opengis.net/json-fg/geometry-object.json
/_anyOf/0/features/place/_oneOf/13/measures		https://beta.schemas.opengis.net/json-fg/geometry-object.json
/_anyOf/0/features/place/_oneOf/13/geometries		https://beta.schemas.opengis.net/json-fg/geometry-object.json
/_anyOf/0/features/place/_oneOf/13/geometries/_oneOf/2/type		https://beta.schemas.opengis.net/json-fg/geometry-object.json
/_anyOf/0/features/place/_oneOf/13/bbox		https://beta.schemas.opengis.net/json-fg/geometry-object.json
/_anyOf/0/features/place/_oneOf/14/type		https://beta.schemas.opengis.net/json-fg/geometry-object.json
/_anyOf/0/features/place/_oneOf/14/coordRefSys		https://beta.schemas.opengis.net/json-fg/geometry-object.json
/_anyOf/0/features/place/_oneOf/14/measures		https://beta.schemas.opengis.net/json-fg/geometry-object.json
/_anyOf/0/features/place/_oneOf/14/geometries		https://beta.schemas.opengis.net/json-fg/geometry-object.json
/_anyOf/0/features/place/_oneOf/14/bbox		https://beta.schemas.opengis.net/json-fg/geometry-object.json
/_anyOf/0/features/place/_oneOf/15/type		https://beta.schemas.opengis.net/json-fg/geometry-object.json
/_anyOf/0/features/place/_oneOf/15/coordRefSys		https://beta.schemas.opengis.net/json-fg/geometry-object.json
/_anyOf/0/features/place/_oneOf/15/measures		https://beta.schemas.opengis.net/json-fg/geometry-object.json
/_anyOf/0/features/place/_oneOf/15/geometries		https://beta.schemas.opengis.net/json-fg/geometry-object.json
/_anyOf/0/features/place/_oneOf/15/bbox		https://beta.schemas.opengis.net/json-fg/geometry-object.json
/_anyOf/0/features/place/_oneOf/16/type		https://beta.schemas.opengis.net/json-fg/geometry-object.json
/_anyOf/0/features/place/_oneOf/16/coordRefSys		https://beta.schemas.opengis.net/json-fg/geometry-object.json
/_anyOf/0/features/place/_oneOf/16/measures		https://beta.schemas.opengis.net/json-fg/geometry-object.json
/_anyOf/0/features/place/_oneOf/16/geometries		https://beta.schemas.opengis.net/json-fg/geometry-object.json
/_anyOf/0/features/place/_oneOf/16/geometries/_oneOf/2/type		https://beta.schemas.opengis.net/json-fg/geometry-object.json
/_anyOf/0/features/place/_oneOf/16/bbox		https://beta.schemas.opengis.net/json-fg/geometry-object.json
/_anyOf/0/features/place/_oneOf/17/type		https://beta.schemas.opengis.net/json-fg/geometry-object.json
/_anyOf/0/features/geometry		https://beta.schemas.opengis.net/json-fg/feature.json
/_anyOf/0/features/properties		https://beta.schemas.opengis.net/json-fg/feature.json
/_anyOf/1/type	@type	https://opengeospatial.github.io/bblocks/annotated-schemas/geo/json-fg/feature-lenient/schema.yaml
/_anyOf/1/id	@id	https://opengeospatial.github.io/bblocks/annotated-schemas/geo/json-fg/feature-lenient/schema.yaml
/_anyOf/1/properties	@nest	https://opengeospatial.github.io/bblocks/annotated-schemas/geo/json-fg/feature-lenient/schema.yaml
/_anyOf/1/geometry	https://purl.org/geojson/vocab#geometry	https://opengeospatial.github.io/bblocks/annotated-schemas/geo/json-fg/feature-lenient/schema.yaml
/_anyOf/1/geometry/_oneOf/1/type	@type	https://opengeospatial.github.io/bblocks/annotated-schemas/geo/common/data_types/geojson/schema.yaml
/_anyOf/1/geometry/_oneOf/1/coordinates	https://purl.org/geojson/vocab#coordinates	https://opengeospatial.github.io/bblocks/annotated-schemas/geo/common/data_types/geojson/schema.yaml
/_anyOf/1/geometry/_oneOf/1/bbox	https://purl.org/geojson/vocab#bbox	https://opengeospatial.github.io/bblocks/annotated-schemas/geo/common/data_types/geojson/schema.yaml
/_anyOf/1/geometry/_oneOf/2/type	@type	https://opengeospatial.github.io/bblocks/annotated-schemas/geo/common/data_types/geojson/schema.yaml
/_anyOf/1/geometry/_oneOf/2/coordinates	https://purl.org/geojson/vocab#coordinates	https://opengeospatial.github.io/bblocks/annotated-schemas/geo/common/data_types/geojson/schema.yaml
/_anyOf/1/geometry/_oneOf/2/bbox	https://purl.org/geojson/vocab#bbox	https://opengeospatial.github.io/bblocks/annotated-schemas/geo/common/data_types/geojson/schema.yaml
/_anyOf/1/geometry/_oneOf/3/type	@type	https://opengeospatial.github.io/bblocks/annotated-schemas/geo/common/data_types/geojson/schema.yaml
/_anyOf/1/geometry/_oneOf/3/coordinates	https://purl.org/geojson/vocab#coordinates	https://opengeospatial.github.io/bblocks/annotated-schemas/geo/common/data_types/geojson/schema.yaml
/_anyOf/1/geometry/_oneOf/3/bbox	https://purl.org/geojson/vocab#bbox	https://opengeospatial.github.io/bblocks/annotated-schemas/geo/common/data_types/geojson/schema.yaml
/_anyOf/1/geometry/_oneOf/4/type	@type	https://opengeospatial.github.io/bblocks/annotated-schemas/geo/common/data_types/geojson/schema.yaml
/_anyOf/1/geometry/_oneOf/4/coordinates	https://purl.org/geojson/vocab#coordinates	https://opengeospatial.github.io/bblocks/annotated-schemas/geo/common/data_types/geojson/schema.yaml
/_anyOf/1/geometry/_oneOf/4/bbox	https://purl.org/geojson/vocab#bbox	https://opengeospatial.github.io/bblocks/annotated-schemas/geo/common/data_types/geojson/schema.yaml
/_anyOf/1/geometry/_oneOf/5/type	@type	https://opengeospatial.github.io/bblocks/annotated-schemas/geo/common/data_types/geojson/schema.yaml
/_anyOf/1/geometry/_oneOf/5/coordinates	https://purl.org/geojson/vocab#coordinates	https://opengeospatial.github.io/bblocks/annotated-schemas/geo/common/data_types/geojson/schema.yaml
/_anyOf/1/geometry/_oneOf/5/bbox	https://purl.org/geojson/vocab#bbox	https://opengeospatial.github.io/bblocks/annotated-schemas/geo/common/data_types/geojson/schema.yaml
/_anyOf/1/geometry/_oneOf/6/type	@type	https://opengeospatial.github.io/bblocks/annotated-schemas/geo/common/data_types/geojson/schema.yaml
/_anyOf/1/geometry/_oneOf/6/coordinates	https://purl.org/geojson/vocab#coordinates	https://opengeospatial.github.io/bblocks/annotated-schemas/geo/common/data_types/geojson/schema.yaml
/_anyOf/1/geometry/_oneOf/6/bbox	https://purl.org/geojson/vocab#bbox	https://opengeospatial.github.io/bblocks/annotated-schemas/geo/common/data_types/geojson/schema.yaml
/_anyOf/1/geometry/_oneOf/7/type	@type	https://opengeospatial.github.io/bblocks/annotated-schemas/geo/common/data_types/geojson/schema.yaml
/_anyOf/1/geometry/_oneOf/7/geometries		https://opengeospatial.github.io/bblocks/annotated-schemas/geo/common/data_types/geojson/schema.yaml
/_anyOf/1/geometry/_oneOf/7/geometries/_oneOf/0/type	@type	https://opengeospatial.github.io/bblocks/annotated-schemas/geo/common/data_types/geojson/schema.yaml
/_anyOf/1/geometry/_oneOf/7/geometries/_oneOf/0/coordinates	https://purl.org/geojson/vocab#coordinates	https://opengeospatial.github.io/bblocks/annotated-schemas/geo/common/data_types/geojson/schema.yaml
/_anyOf/1/geometry/_oneOf/7/geometries/_oneOf/0/bbox	https://purl.org/geojson/vocab#bbox	https://opengeospatial.github.io/bblocks/annotated-schemas/geo/common/data_types/geojson/schema.yaml
/_anyOf/1/geometry/_oneOf/7/geometries/_oneOf/1/type	@type	https://opengeospatial.github.io/bblocks/annotated-schemas/geo/common/data_types/geojson/schema.yaml
/_anyOf/1/geometry/_oneOf/7/geometries/_oneOf/1/coordinates	https://purl.org/geojson/vocab#coordinates	https://opengeospatial.github.io/bblocks/annotated-schemas/geo/common/data_types/geojson/schema.yaml
/_anyOf/1/geometry/_oneOf/7/geometries/_oneOf/1/bbox	https://purl.org/geojson/vocab#bbox	https://opengeospatial.github.io/bblocks/annotated-schemas/geo/common/data_types/geojson/schema.yaml
/_anyOf/1/geometry/_oneOf/7/geometries/_oneOf/2/type	@type	https://opengeospatial.github.io/bblocks/annotated-schemas/geo/common/data_types/geojson/schema.yaml
/_anyOf/1/geometry/_oneOf/7/geometries/_oneOf/2/coordinates	https://purl.org/geojson/vocab#coordinates	https://opengeospatial.github.io/bblocks/annotated-schemas/geo/common/data_types/geojson/schema.yaml
/_anyOf/1/geometry/_oneOf/7/geometries/_oneOf/2/bbox	https://purl.org/geojson/vocab#bbox	https://opengeospatial.github.io/bblocks/annotated-schemas/geo/common/data_types/geojson/schema.yaml
/_anyOf/1/geometry/_oneOf/7/geometries/_oneOf/3/type	@type	https://opengeospatial.github.io/bblocks/annotated-schemas/geo/common/data_types/geojson/schema.yaml
/_anyOf/1/geometry/_oneOf/7/geometries/_oneOf/3/coordinates	https://purl.org/geojson/vocab#coordinates	https://opengeospatial.github.io/bblocks/annotated-schemas/geo/common/data_types/geojson/schema.yaml
/_anyOf/1/geometry/_oneOf/7/geometries/_oneOf/3/bbox	https://purl.org/geojson/vocab#bbox	https://opengeospatial.github.io/bblocks/annotated-schemas/geo/common/data_types/geojson/schema.yaml
/_anyOf/1/geometry/_oneOf/7/geometries/_oneOf/4/type	@type	https://opengeospatial.github.io/bblocks/annotated-schemas/geo/common/data_types/geojson/schema.yaml
/_anyOf/1/geometry/_oneOf/7/geometries/_oneOf/4/coordinates	https://purl.org/geojson/vocab#coordinates	https://opengeospatial.github.io/bblocks/annotated-schemas/geo/common/data_types/geojson/schema.yaml
/_anyOf/1/geometry/_oneOf/7/geometries/_oneOf/4/bbox	https://purl.org/geojson/vocab#bbox	https://opengeospatial.github.io/bblocks/annotated-schemas/geo/common/data_types/geojson/schema.yaml
/_anyOf/1/geometry/_oneOf/7/geometries/_oneOf/5/type	@type	https://opengeospatial.github.io/bblocks/annotated-schemas/geo/common/data_types/geojson/schema.yaml
/_anyOf/1/geometry/_oneOf/7/geometries/_oneOf/5/coordinates	https://purl.org/geojson/vocab#coordinates	https://opengeospatial.github.io/bblocks/annotated-schemas/geo/common/data_types/geojson/schema.yaml
/_anyOf/1/geometry/_oneOf/7/geometries/_oneOf/5/bbox	https://purl.org/geojson/vocab#bbox	https://opengeospatial.github.io/bblocks/annotated-schemas/geo/common/data_types/geojson/schema.yaml
/_anyOf/1/geometry/_oneOf/7/bbox	https://purl.org/geojson/vocab#bbox	https://opengeospatial.github.io/bblocks/annotated-schemas/geo/common/data_types/geojson/schema.yaml
/_anyOf/1/bbox	https://purl.org/geojson/vocab#bbox	https://opengeospatial.github.io/bblocks/annotated-schemas/geo/common/data_types/geojson/schema.yaml
/_anyOf/1/links	http://www.w3.org/2000/01/rdf-schema#seeAlso	https://opengeospatial.github.io/bblocks/annotated-schemas/geo/json-fg/feature-lenient/schema.yaml
/_anyOf/1/links/href	http://www.w3.org/ns/oa#hasTarget	https://opengeospatial.github.io/bblocks/annotated-schemas/ogc-utils/json-link/schema.yaml
/_anyOf/1/links/rel	http://www.iana.org/assignments/relation	https://opengeospatial.github.io/bblocks/annotated-schemas/ogc-utils/json-link/schema.yaml
/_anyOf/1/links/anchor		https://opengeospatial.github.io/bblocks/annotated-schemas/ogc-utils/json-link/schema.yaml
/_anyOf/1/links/type	http://purl.org/dc/terms/type	https://opengeospatial.github.io/bblocks/annotated-schemas/ogc-utils/json-link/schema.yaml
/_anyOf/1/links/hreflang	http://purl.org/dc/terms/language	https://opengeospatial.github.io/bblocks/annotated-schemas/ogc-utils/json-link/schema.yaml
/_anyOf/1/links/title	http://www.w3.org/2000/01/rdf-schema#label	https://opengeospatial.github.io/bblocks/annotated-schemas/ogc-utils/json-link/schema.yaml
/_anyOf/1/links/length	http://purl.org/dc/terms/extent	https://opengeospatial.github.io/bblocks/annotated-schemas/ogc-utils/json-link/schema.yaml
/_anyOf/1/featureType	@type	https://opengeospatial.github.io/bblocks/annotated-schemas/geo/json-fg/feature-lenient/schema.yaml
/_anyOf/1/time	http://purl.org/dc/terms/time	https://opengeospatial.github.io/bblocks/annotated-schemas/geo/json-fg/feature-lenient/schema.yaml
/_anyOf/1/time/_oneOf/1/date	http://www.w3.org/2006/time#hasTime	https://opengeospatial.github.io/bblocks/annotated-schemas/geo/json-fg/time/schema.yaml
/_anyOf/1/time/_oneOf/1/timestamp	http://www.w3.org/2006/time#hasTime	https://opengeospatial.github.io/bblocks/annotated-schemas/geo/json-fg/time/schema.yaml
/_anyOf/1/time/_oneOf/1/interval	http://www.w3.org/2006/time#hasTime	https://opengeospatial.github.io/bblocks/annotated-schemas/geo/json-fg/time/schema.yaml
/_anyOf/1/coordRefSys	http://www.opengis.net/def/glossary/term/CoordinateReferenceSystemCRS	https://opengeospatial.github.io/bblocks/annotated-schemas/geo/json-fg/feature-lenient/schema.yaml
/_anyOf/1/place	http://purl.org/dc/terms/spatial	https://opengeospatial.github.io/bblocks/annotated-schemas/geo/json-fg/feature-lenient/schema.yaml
/_anyOf/2/type		https://geojson.org/schema/FeatureCollection.json
/_anyOf/2/features		https://geojson.org/schema/FeatureCollection.json
/_anyOf/2/features/type		https://geojson.org/schema/FeatureCollection.json
/_anyOf/2/features/id		https://geojson.org/schema/FeatureCollection.json
/_anyOf/2/features/properties		https://geojson.org/schema/FeatureCollection.json
/_anyOf/2/features/geometry		https://geojson.org/schema/FeatureCollection.json
/_anyOf/2/features/geometry/_oneOf/1/type		https://geojson.org/schema/FeatureCollection.json
/_anyOf/2/features/geometry/_oneOf/1/coordinates		https://geojson.org/schema/FeatureCollection.json
/_anyOf/2/features/geometry/_oneOf/1/bbox		https://geojson.org/schema/FeatureCollection.json
/_anyOf/2/features/geometry/_oneOf/2/type		https://geojson.org/schema/FeatureCollection.json
/_anyOf/2/features/geometry/_oneOf/2/coordinates		https://geojson.org/schema/FeatureCollection.json
/_anyOf/2/features/geometry/_oneOf/2/bbox		https://geojson.org/schema/FeatureCollection.json
/_anyOf/2/features/geometry/_oneOf/3/type		https://geojson.org/schema/FeatureCollection.json
/_anyOf/2/features/geometry/_oneOf/3/coordinates		https://geojson.org/schema/FeatureCollection.json
/_anyOf/2/features/geometry/_oneOf/3/bbox		https://geojson.org/schema/FeatureCollection.json
/_anyOf/2/features/geometry/_oneOf/4/type		https://geojson.org/schema/FeatureCollection.json
/_anyOf/2/features/geometry/_oneOf/4/coordinates		https://geojson.org/schema/FeatureCollection.json
/_anyOf/2/features/geometry/_oneOf/4/bbox		https://geojson.org/schema/FeatureCollection.json
/_anyOf/2/features/geometry/_oneOf/5/type		https://geojson.org/schema/FeatureCollection.json
/_anyOf/2/features/geometry/_oneOf/5/coordinates		https://geojson.org/schema/FeatureCollection.json
/_anyOf/2/features/geometry/_oneOf/5/bbox		https://geojson.org/schema/FeatureCollection.json
/_anyOf/2/features/geometry/_oneOf/6/type		https://geojson.org/schema/FeatureCollection.json
/_anyOf/2/features/geometry/_oneOf/6/coordinates		https://geojson.org/schema/FeatureCollection.json
/_anyOf/2/features/geometry/_oneOf/6/bbox		https://geojson.org/schema/FeatureCollection.json
/_anyOf/2/features/geometry/_oneOf/7/type		https://geojson.org/schema/FeatureCollection.json
/_anyOf/2/features/geometry/_oneOf/7/geometries		https://geojson.org/schema/FeatureCollection.json
/_anyOf/2/features/geometry/_oneOf/7/geometries/_oneOf/0/type		https://geojson.org/schema/FeatureCollection.json
/_anyOf/2/features/geometry/_oneOf/7/geometries/_oneOf/0/coordinates		https://geojson.org/schema/FeatureCollection.json
/_anyOf/2/features/geometry/_oneOf/7/geometries/_oneOf/0/bbox		https://geojson.org/schema/FeatureCollection.json
/_anyOf/2/features/geometry/_oneOf/7/geometries/_oneOf/1/type		https://geojson.org/schema/FeatureCollection.json
/_anyOf/2/features/geometry/_oneOf/7/geometries/_oneOf/1/coordinates		https://geojson.org/schema/FeatureCollection.json
/_anyOf/2/features/geometry/_oneOf/7/geometries/_oneOf/1/bbox		https://geojson.org/schema/FeatureCollection.json
/_anyOf/2/features/geometry/_oneOf/7/geometries/_oneOf/2/type		https://geojson.org/schema/FeatureCollection.json
/_anyOf/2/features/geometry/_oneOf/7/geometries/_oneOf/2/coordinates		https://geojson.org/schema/FeatureCollection.json
/_anyOf/2/features/geometry/_oneOf/7/geometries/_oneOf/2/bbox		https://geojson.org/schema/FeatureCollection.json
/_anyOf/2/features/geometry/_oneOf/7/geometries/_oneOf/3/type		https://geojson.org/schema/FeatureCollection.json
/_anyOf/2/features/geometry/_oneOf/7/geometries/_oneOf/3/coordinates		https://geojson.org/schema/FeatureCollection.json
/_anyOf/2/features/geometry/_oneOf/7/geometries/_oneOf/3/bbox		https://geojson.org/schema/FeatureCollection.json
/_anyOf/2/features/geometry/_oneOf/7/geometries/_oneOf/4/type		https://geojson.org/schema/FeatureCollection.json
/_anyOf/2/features/geometry/_oneOf/7/geometries/_oneOf/4/coordinates		https://geojson.org/schema/FeatureCollection.json
/_anyOf/2/features/geometry/_oneOf/7/geometries/_oneOf/4/bbox		https://geojson.org/schema/FeatureCollection.json
/_anyOf/2/features/geometry/_oneOf/7/geometries/_oneOf/5/type		https://geojson.org/schema/FeatureCollection.json
/_anyOf/2/features/geometry/_oneOf/7/geometries/_oneOf/5/coordinates		https://geojson.org/schema/FeatureCollection.json
/_anyOf/2/features/geometry/_oneOf/7/geometries/_oneOf/5/bbox		https://geojson.org/schema/FeatureCollection.json
/_anyOf/2/features/geometry/_oneOf/7/bbox		https://geojson.org/schema/FeatureCollection.json
/_anyOf/2/features/bbox		https://geojson.org/schema/FeatureCollection.json
/_anyOf/2/bbox		https://geojson.org/schema/FeatureCollection.json
/_anyOf/3/_anyOf/0/links	rdfs:seeAlso	https://opengeospatial.github.io/bblocks/annotated-schemas/geo/json-fg/featureCollection/schema.yaml
/_anyOf/3/_anyOf/0/timeStamp		https://opengeospatial.github.io/bblocks/annotated-schemas/geo/features/featureCollection/schema.yaml
/_anyOf/3/_anyOf/0/numberMatched		https://opengeospatial.github.io/bblocks/annotated-schemas/geo/features/featureCollection/schema.yaml
/_anyOf/3/_anyOf/0/numberReturned		https://opengeospatial.github.io/bblocks/annotated-schemas/geo/features/featureCollection/schema.yaml
/_anyOf/3/_anyOf/0/features	https://purl.org/geojson/vocab#features	https://opengeospatial.github.io/bblocks/annotated-schemas/geo/json-fg/featureCollection/schema.yaml
/_anyOf/3/_anyOf/0/type	@type	https://opengeospatial.github.io/bblocks/annotated-schemas/geo/json-fg/featureCollection/schema.yaml
/_anyOf/3/_anyOf/0/featureType	https://purl.org/geojson/vocab#collectionFeatureType	https://opengeospatial.github.io/bblocks/annotated-schemas/geo/json-fg/featureCollection/schema.yaml
/_anyOf/3/_anyOf/0/geometryDimension		https://opengeospatial.github.io/bblocks/annotated-schemas/geo/json-fg/featureCollection/schema.yaml
/_anyOf/3/_anyOf/0/coordRefSys		https://opengeospatial.github.io/bblocks/annotated-schemas/geo/json-fg/featureCollection/schema.yaml
/_anyOf/3/_anyOf/0/features/type	@type	https://opengeospatial.github.io/bblocks/annotated-schemas/geo/json-fg/feature/schema.yaml
/_anyOf/3/_anyOf/0/features/id	@id	https://opengeospatial.github.io/bblocks/annotated-schemas/geo/json-fg/feature/schema.yaml
/_anyOf/3/_anyOf/0/features/featureType	@type	https://opengeospatial.github.io/bblocks/annotated-schemas/geo/json-fg/feature/schema.yaml
/_anyOf/3/_anyOf/0/features/links	http://www.w3.org/2000/01/rdf-schema#seeAlso	https://opengeospatial.github.io/bblocks/annotated-schemas/geo/json-fg/feature/schema.yaml
/_anyOf/3/_anyOf/0/features/time	http://purl.org/dc/terms/time	https://opengeospatial.github.io/bblocks/annotated-schemas/geo/json-fg/feature/schema.yaml
/_anyOf/3/_anyOf/0/features/coordRefSys	http://www.opengis.net/def/glossary/term/CoordinateReferenceSystemCRS	https://opengeospatial.github.io/bblocks/annotated-schemas/geo/json-fg/feature/schema.yaml
/_anyOf/3/_anyOf/0/features/place	http://purl.org/dc/terms/spatial	https://opengeospatial.github.io/bblocks/annotated-schemas/geo/json-fg/feature/schema.yaml
/_anyOf/3/_anyOf/0/features/geometry	https://purl.org/geojson/vocab#geometry	https://opengeospatial.github.io/bblocks/annotated-schemas/geo/json-fg/feature/schema.yaml
/_anyOf/3/_anyOf/0/features/properties	@nest	https://opengeospatial.github.io/bblocks/annotated-schemas/geo/json-fg/feature/schema.yaml
/_anyOf/3/_anyOf/1/type	@type	https://opengeospatial.github.io/bblocks/annotated-schemas/geo/json-fg/featureCollection-lenient/schema.yaml
/_anyOf/3/_anyOf/1/featureType	https://purl.org/geojson/vocab#collectionFeatureType	https://opengeospatial.github.io/bblocks/annotated-schemas/geo/json-fg/featureCollection-lenient/schema.yaml
/_anyOf/3/_anyOf/1/geometryDimension		https://opengeospatial.github.io/bblocks/annotated-schemas/geo/json-fg/featureCollection-lenient/schema.yaml
/_anyOf/3/_anyOf/1/coordRefSys		https://opengeospatial.github.io/bblocks/annotated-schemas/geo/json-fg/featureCollection-lenient/schema.yaml
/_anyOf/3/_anyOf/1/links	rdfs:seeAlso	https://opengeospatial.github.io/bblocks/annotated-schemas/geo/json-fg/featureCollection-lenient/schema.yaml
/_anyOf/3/_anyOf/1/features	https://purl.org/geojson/vocab#features	https://opengeospatial.github.io/bblocks/annotated-schemas/geo/json-fg/featureCollection-lenient/schema.yaml
/_anyOf/3/features		https://ogcincubator.github.io/topo-feature/build/annotated/geo/topo/features/topo-feature-collection/schema.yaml
/_anyOf/3/features/_anyOf/0/id		https://ogcincubator.github.io/topo-feature/build/annotated/geo/topo/features/topo-feature/schema.yaml
/_anyOf/3/features/_anyOf/0/topology	https://purl.org/geojson/vocab#topology	https://ogcincubator.github.io/topo-feature/build/annotated/geo/topo/features/topo-feature/schema.yaml
/_anyOf/3/features/_anyOf/0/topology/_oneOf/0/type	@type	https://ogcincubator.github.io/topo-feature/build/annotated/geo/topo/datatypes/topology/schema.yaml
/_anyOf/3/features/_anyOf/0/topology/_oneOf/0/references	https://purl.org/geojson/vocab#relatedFeatures	https://ogcincubator.github.io/topo-feature/build/annotated/geo/topo/datatypes/topology/schema.yaml
/_anyOf/3/features/_anyOf/0/topology/_oneOf/1/type	@type	https://ogcincubator.github.io/topo-feature/build/annotated/geo/topo/datatypes/topology/schema.yaml
/_anyOf/3/features/_anyOf/0/topology/_oneOf/1/references	https://purl.org/geojson/vocab#relatedFeatures	https://ogcincubator.github.io/topo-feature/build/annotated/geo/topo/datatypes/topology/schema.yaml
/_anyOf/3/features/_anyOf/0/topology/_oneOf/2/type	@type	https://ogcincubator.github.io/topo-feature/build/annotated/geo/topo/datatypes/topology/schema.yaml
/_anyOf/3/features/_anyOf/0/topology/_oneOf/2/references	https://purl.org/geojson/vocab#relatedFeatures	https://ogcincubator.github.io/topo-feature/build/annotated/geo/topo/datatypes/topology/schema.yaml
/_anyOf/3/features/_anyOf/1/geometry		https://ogcincubator.github.io/topo-feature/build/annotated/geo/topo/features/topo-feature-collection/schema.yaml
/_anyOf/3/features/_anyOf/1/geometry/type		https://ogcincubator.github.io/topo-feature/build/annotated/geo/topo/features/topo-feature-collection/schema.yaml
/time		https://surroundaustralia.github.io/3d-csdm-common/build/annotated/csdm/features/CSD/schema.yaml
/name	rdfs:label	https://surroundaustralia.github.io/3d-csdm-common/build/annotated/csdm/features/CSD/schema.yaml
/bearingRotation	https://linked.data.gov.au/def/csdm/container/bearingRotation	https://surroundaustralia.github.io/3d-csdm-common/build/annotated/csdm/features/CSD/schema.yaml
/annotations	https://linked.data.gov.au/def/csdm/container/annotations	https://surroundaustralia.github.io/3d-csdm-common/build/annotated/csdm/features/CSD/schema.yaml
/annotations/_anyOf/0/role	http://www.w3.org/ns/dx/prof/hasRole	https://opengeospatial.github.io/bblocks/annotated-schemas/geo/json-fg/link-role/schema.yaml
/annotations/_anyOf/0/conformsTo	http://purl.org/dc/terms/conformsTo	https://opengeospatial.github.io/bblocks/annotated-schemas/geo/json-fg/link-role/schema.yaml
/annotations/_anyOf/1/description		https://surroundaustralia.github.io/3d-csdm-common/build/annotated/csdm/features/CSD/schema.yaml
/annotations/_anyOf/1/role		https://surroundaustralia.github.io/3d-csdm-common/build/annotated/csdm/features/CSD/schema.yaml
/_anyOf/0/has_provenance		https://surroundaustralia.github.io/3d-csdm-common/build/annotated/csdm/features/CSD/schema.yaml
/_anyOf/0/has_provenance/_anyOf/0/_oneOf/0/wasInfluencedBy	http://www.w3.org/ns/prov#wasInfluencedBy	https://ogcincubator.github.io/bblock-prov-schema/build/annotated/ogc-utils/prov/schema.yaml
/_anyOf/0/has_provenance/_anyOf/0/_oneOf/0/wasInfluencedBy/_anyOf/0/_oneOf/1/id	@id	https://ogcincubator.github.io/bblock-prov-schema/build/annotated/ogc-utils/prov-activity/schema.yaml
/_anyOf/0/has_provenance/_anyOf/0/_oneOf/0/wasInfluencedBy/_anyOf/0/_oneOf/1/provType	@type	https://ogcincubator.github.io/bblock-prov-schema/build/annotated/ogc-utils/prov-activity/schema.yaml
/_anyOf/0/has_provenance/_anyOf/0/_oneOf/0/wasInfluencedBy/_anyOf/0/_oneOf/1/prov:type		https://ogcincubator.github.io/bblock-prov-schema/build/annotated/ogc-utils/prov-activity/schema.yaml
/_anyOf/0/has_provenance/_anyOf/0/_oneOf/0/wasInfluencedBy/_anyOf/0/_oneOf/1/activityType	@type	https://ogcincubator.github.io/bblock-prov-schema/build/annotated/ogc-utils/prov-activity/schema.yaml
/_anyOf/0/has_provenance/_anyOf/0/_oneOf/0/wasInfluencedBy/_anyOf/0/_oneOf/1/endedAtTime	http://www.w3.org/ns/prov#endedAtTime	https://ogcincubator.github.io/bblock-prov-schema/build/annotated/ogc-utils/prov-activity/schema.yaml
/_anyOf/0/has_provenance/_anyOf/0/_oneOf/0/wasInfluencedBy/_anyOf/0/_oneOf/1/wasAssociatedWith	http://www.w3.org/ns/prov#wasAssociatedWith	https://ogcincubator.github.io/bblock-prov-schema/build/annotated/ogc-utils/prov-activity/schema.yaml
/_anyOf/0/has_provenance/_anyOf/0/_oneOf/0/wasInfluencedBy/_anyOf/0/_oneOf/1/wasAssociatedWith/_oneOf/1/agentType	@type	https://ogcincubator.github.io/bblock-prov-schema/build/annotated/ogc-utils/prov-agent/schema.yaml
/_anyOf/0/has_provenance/_anyOf/0/_oneOf/0/wasInfluencedBy/_anyOf/0/_oneOf/1/wasAssociatedWith/_oneOf/1/provType	@type	https://ogcincubator.github.io/bblock-prov-schema/build/annotated/ogc-utils/prov-agent/schema.yaml
/_anyOf/0/has_provenance/_anyOf/0/_oneOf/0/wasInfluencedBy/_anyOf/0/_oneOf/1/wasAssociatedWith/_oneOf/1/prov:type		https://ogcincubator.github.io/bblock-prov-schema/build/annotated/ogc-utils/prov-agent/schema.yaml
/_anyOf/0/has_provenance/_anyOf/0/_oneOf/0/wasInfluencedBy/_anyOf/0/_oneOf/1/wasAssociatedWith/_oneOf/1/name	http://www.w3.org/2000/01/rdf-schema#label	https://ogcincubator.github.io/bblock-prov-schema/build/annotated/ogc-utils/prov-agent/schema.yaml
/_anyOf/0/has_provenance/_anyOf/0/_oneOf/0/wasInfluencedBy/_anyOf/0/_oneOf/1/wasAssociatedWith/_oneOf/1/id	@id	https://ogcincubator.github.io/bblock-prov-schema/build/annotated/ogc-utils/prov-agent/schema.yaml
/_anyOf/0/has_provenance/_anyOf/0/_oneOf/0/wasInfluencedBy/_anyOf/0/_oneOf/1/wasAssociatedWith/_oneOf/1/actedOnBehalfOf	http://www.w3.org/ns/prov#actedOnBehalfOf	https://ogcincubator.github.io/bblock-prov-schema/build/annotated/ogc-utils/prov-agent/schema.yaml
/_anyOf/0/has_provenance/_anyOf/0/_oneOf/0/wasInfluencedBy/_anyOf/0/_oneOf/1/wasAssociatedWith/_oneOf/1/atLocation	http://www.w3.org/ns/prov#atLocation	https://ogcincubator.github.io/bblock-prov-schema/build/annotated/ogc-utils/prov-agent/schema.yaml
/_anyOf/0/has_provenance/_anyOf/0/_oneOf/0/wasInfluencedBy/_anyOf/0/_oneOf/1/wasAssociatedWith/_oneOf/1/qualifiedDelegation	http://www.w3.org/ns/prov#qualifiedDelegation	https://ogcincubator.github.io/bblock-prov-schema/build/annotated/ogc-utils/prov-agent/schema.yaml
/_anyOf/0/has_provenance/_anyOf/0/_oneOf/0/wasInfluencedBy/_anyOf/0/_oneOf/1/wasAssociatedWith/_oneOf/1/qualifiedDelegation/_oneOf/1/id	@id	https://ogcincubator.github.io/bblock-prov-schema/build/annotated/ogc-utils/prov-activity/schema.yaml
/_anyOf/0/has_provenance/_anyOf/0/_oneOf/0/wasInfluencedBy/_anyOf/0/_oneOf/1/wasAssociatedWith/_oneOf/1/qualifiedDelegation/_oneOf/1/type		https://ogcincubator.github.io/bblock-prov-schema/build/annotated/ogc-utils/prov-activity/schema.yaml
/_anyOf/0/has_provenance/_anyOf/0/_oneOf/0/wasInfluencedBy/_anyOf/0/_oneOf/1/wasAssociatedWith/_oneOf/1/qualifiedDelegation/_oneOf/1/agent	http://www.w3.org/ns/prov#agent	https://ogcincubator.github.io/bblock-prov-schema/build/annotated/ogc-utils/prov-activity/schema.yaml
/_anyOf/0/has_provenance/_anyOf/0/_oneOf/0/wasInfluencedBy/_anyOf/0/_oneOf/1/wasAssociatedWith/_oneOf/1/qualifiedDelegation/_oneOf/1/hadActivity	http://www.w3.org/ns/prov#hadActivity	https://ogcincubator.github.io/bblock-prov-schema/build/annotated/ogc-utils/prov-activity/schema.yaml
/_anyOf/0/has_provenance/_anyOf/0/_oneOf/0/wasInfluencedBy/_anyOf/0/_oneOf/1/wasInformedBy	http://www.w3.org/ns/prov#wasInformedBy	https://ogcincubator.github.io/bblock-prov-schema/build/annotated/ogc-utils/prov-activity/schema.yaml
/_anyOf/0/has_provenance/_anyOf/0/_oneOf/0/wasInfluencedBy/_anyOf/0/_oneOf/1/used	http://www.w3.org/ns/prov#used	https://ogcincubator.github.io/bblock-prov-schema/build/annotated/ogc-utils/prov-activity/schema.yaml
/_anyOf/0/has_provenance/_anyOf/0/_oneOf/0/wasInfluencedBy/_anyOf/0/_oneOf/1/wasStartedBy	http://www.w3.org/ns/prov#wasStartedBy	https://ogcincubator.github.io/bblock-prov-schema/build/annotated/ogc-utils/prov-activity/schema.yaml
/_anyOf/0/has_provenance/_anyOf/0/_oneOf/0/wasInfluencedBy/_anyOf/0/_oneOf/1/wasEndedBy	http://www.w3.org/ns/prov#wasEndedBy	https://ogcincubator.github.io/bblock-prov-schema/build/annotated/ogc-utils/prov-activity/schema.yaml
/_anyOf/0/has_provenance/_anyOf/0/_oneOf/0/wasInfluencedBy/_anyOf/0/_oneOf/1/invalidated	http://www.w3.org/ns/prov#invalidated	https://ogcincubator.github.io/bblock-prov-schema/build/annotated/ogc-utils/prov-activity/schema.yaml
/_anyOf/0/has_provenance/_anyOf/0/_oneOf/0/wasInfluencedBy/_anyOf/0/_oneOf/1/generated	http://www.w3.org/ns/prov#generated	https://ogcincubator.github.io/bblock-prov-schema/build/annotated/ogc-utils/prov-activity/schema.yaml
/_anyOf/0/has_provenance/_anyOf/0/_oneOf/0/wasInfluencedBy/_anyOf/0/_oneOf/1/atLocation	http://www.w3.org/ns/prov#atLocation	https://ogcincubator.github.io/bblock-prov-schema/build/annotated/ogc-utils/prov-activity/schema.yaml
/_anyOf/0/has_provenance/_anyOf/0/_oneOf/0/wasInfluencedBy/_anyOf/0/_oneOf/1/qualifiedUsage	http://www.w3.org/ns/prov#qualifiedUsage	https://ogcincubator.github.io/bblock-prov-schema/build/annotated/ogc-utils/prov-activity/schema.yaml
/_anyOf/0/has_provenance/_anyOf/0/_oneOf/0/wasInfluencedBy/_anyOf/0/_oneOf/1/qualifiedUsage/_oneOf/1/id	@id	https://ogcincubator.github.io/bblock-prov-schema/build/annotated/ogc-utils/prov-activity/schema.yaml
/_anyOf/0/has_provenance/_anyOf/0/_oneOf/0/wasInfluencedBy/_anyOf/0/_oneOf/1/qualifiedUsage/_oneOf/1/type		https://ogcincubator.github.io/bblock-prov-schema/build/annotated/ogc-utils/prov-activity/schema.yaml
/_anyOf/0/has_provenance/_anyOf/0/_oneOf/0/wasInfluencedBy/_anyOf/0/_oneOf/1/qualifiedUsage/_oneOf/1/atTime	http://www.w3.org/ns/prov#atTime	https://ogcincubator.github.io/bblock-prov-schema/build/annotated/ogc-utils/prov-activity/schema.yaml
/_anyOf/0/has_provenance/_anyOf/0/_oneOf/0/wasInfluencedBy/_anyOf/0/_oneOf/1/qualifiedUsage/_oneOf/1/entity	http://www.w3.org/ns/prov#entity	https://ogcincubator.github.io/bblock-prov-schema/build/annotated/ogc-utils/prov-activity/schema.yaml
/_anyOf/0/has_provenance/_anyOf/0/_oneOf/0/wasInfluencedBy/_anyOf/0/_oneOf/1/qualifiedCommunication	http://www.w3.org/ns/prov#qualifiedCommunication	https://ogcincubator.github.io/bblock-prov-schema/build/annotated/ogc-utils/prov-activity/schema.yaml
/_anyOf/0/has_provenance/_anyOf/0/_oneOf/0/wasInfluencedBy/_anyOf/0/_oneOf/1/qualifiedCommunication/_oneOf/1/id	@id	https://ogcincubator.github.io/bblock-prov-schema/build/annotated/ogc-utils/prov-activity/schema.yaml
/_anyOf/0/has_provenance/_anyOf/0/_oneOf/0/wasInfluencedBy/_anyOf/0/_oneOf/1/qualifiedCommunication/_oneOf/1/atTime	http://www.w3.org/ns/prov#atTime	https://ogcincubator.github.io/bblock-prov-schema/build/annotated/ogc-utils/prov-activity/schema.yaml
/_anyOf/0/has_provenance/_anyOf/0/_oneOf/0/wasInfluencedBy/_anyOf/0/_oneOf/1/qualifiedCommunication/_oneOf/1/hadRole	http://www.w3.org/ns/prov#hadRole	https://ogcincubator.github.io/bblock-prov-schema/build/annotated/ogc-utils/prov-activity/schema.yaml
/_anyOf/0/has_provenance/_anyOf/0/_oneOf/0/wasInfluencedBy/_anyOf/0/_oneOf/1/qualifiedCommunication/_oneOf/1/influencer	http://www.w3.org/ns/prov#influencer	https://ogcincubator.github.io/bblock-prov-schema/build/annotated/ogc-utils/prov-activity/schema.yaml
/_anyOf/0/has_provenance/_anyOf/0/_oneOf/0/wasInfluencedBy/_anyOf/0/_oneOf/1/qualifiedCommunication/_oneOf/1/hadActivity	http://www.w3.org/ns/prov#hadActivity	https://ogcincubator.github.io/bblock-prov-schema/build/annotated/ogc-utils/prov-activity/schema.yaml
/_anyOf/0/has_provenance/_anyOf/0/_oneOf/0/wasInfluencedBy/_anyOf/0/_oneOf/1/qualifiedCommunication/_oneOf/1/activity	http://www.w3.org/ns/prov#activity	https://ogcincubator.github.io/bblock-prov-schema/build/annotated/ogc-utils/prov-activity/schema.yaml
/_anyOf/0/has_provenance/_anyOf/0/_oneOf/0/wasInfluencedBy/_anyOf/0/_oneOf/1/qualifiedCommunication/_oneOf/1/type		https://ogcincubator.github.io/bblock-prov-schema/build/annotated/ogc-utils/prov-activity/schema.yaml
/_anyOf/0/has_provenance/_anyOf/0/_oneOf/0/wasInfluencedBy/_anyOf/0/_oneOf/1/qualifiedCommunication/_oneOf/2/_oneOf/1/type		https://ogcincubator.github.io/bblock-prov-schema/build/annotated/ogc-utils/prov-activity/schema.yaml
/_anyOf/0/has_provenance/_anyOf/0/_oneOf/0/wasInfluencedBy/_anyOf/0/_oneOf/1/qualifiedStart	http://www.w3.org/ns/prov#qualifiedStart	https://ogcincubator.github.io/bblock-prov-schema/build/annotated/ogc-utils/prov-activity/schema.yaml
/_anyOf/0/has_provenance/_anyOf/0/_oneOf/0/wasInfluencedBy/_anyOf/0/_oneOf/1/qualifiedStart/_oneOf/1/id	@id	https://ogcincubator.github.io/bblock-prov-schema/build/annotated/ogc-utils/prov-activity/schema.yaml
/_anyOf/0/has_provenance/_anyOf/0/_oneOf/0/wasInfluencedBy/_anyOf/0/_oneOf/1/qualifiedStart/_oneOf/1/type		https://ogcincubator.github.io/bblock-prov-schema/build/annotated/ogc-utils/prov-activity/schema.yaml
/_anyOf/0/has_provenance/_anyOf/0/_oneOf/0/wasInfluencedBy/_anyOf/0/_oneOf/1/qualifiedStart/_oneOf/1/atTime	http://www.w3.org/ns/prov#atTime	https://ogcincubator.github.io/bblock-prov-schema/build/annotated/ogc-utils/prov-activity/schema.yaml
/_anyOf/0/has_provenance/_anyOf/0/_oneOf/0/wasInfluencedBy/_anyOf/0/_oneOf/1/qualifiedStart/_oneOf/1/entity	http://www.w3.org/ns/prov#entity	https://ogcincubator.github.io/bblock-prov-schema/build/annotated/ogc-utils/prov-activity/schema.yaml
/_anyOf/0/has_provenance/_anyOf/0/_oneOf/0/wasInfluencedBy/_anyOf/0/_oneOf/1/qualifiedStart/_oneOf/1/hadActivity	http://www.w3.org/ns/prov#hadActivity	https://ogcincubator.github.io/bblock-prov-schema/build/annotated/ogc-utils/prov-activity/schema.yaml
/_anyOf/0/has_provenance/_anyOf/0/_oneOf/0/wasInfluencedBy/_anyOf/0/_oneOf/1/qualifiedEnd	http://www.w3.org/ns/prov#qualifiedEnd	https://ogcincubator.github.io/bblock-prov-schema/build/annotated/ogc-utils/prov-activity/schema.yaml
/_anyOf/0/has_provenance/_anyOf/0/_oneOf/0/wasInfluencedBy/_anyOf/0/_oneOf/1/qualifiedEnd/_oneOf/1/type		https://ogcincubator.github.io/bblock-prov-schema/build/annotated/ogc-utils/prov-activity/schema.yaml
/_anyOf/0/has_provenance/_anyOf/0/_oneOf/0/wasInfluencedBy/_anyOf/0/_oneOf/1/qualifiedAssociation	http://www.w3.org/ns/prov#qualifiedAssociation	https://ogcincubator.github.io/bblock-prov-schema/build/annotated/ogc-utils/prov-activity/schema.yaml
/_anyOf/0/has_provenance/_anyOf/0/_oneOf/0/wasInfluencedBy/_anyOf/0/_oneOf/1/qualifiedAssociation/_oneOf/1/id	@id	https://ogcincubator.github.io/bblock-prov-schema/build/annotated/ogc-utils/prov-agent/schema.yaml
/_anyOf/0/has_provenance/_anyOf/0/_oneOf/0/wasInfluencedBy/_anyOf/0/_oneOf/1/qualifiedAssociation/_oneOf/1/type		https://ogcincubator.github.io/bblock-prov-schema/build/annotated/ogc-utils/prov-agent/schema.yaml
/_anyOf/0/has_provenance/_anyOf/0/_oneOf/0/wasInfluencedBy/_anyOf/0/_oneOf/1/qualifiedAssociation/_oneOf/1/agent	http://www.w3.org/ns/prov#agent	https://ogcincubator.github.io/bblock-prov-schema/build/annotated/ogc-utils/prov-agent/schema.yaml
/_anyOf/0/has_provenance/_anyOf/0/_oneOf/0/wasInfluencedBy/_anyOf/0/_oneOf/1/qualifiedAssociation/_oneOf/1/hadRole	http://www.w3.org/ns/prov#hadRole	https://ogcincubator.github.io/bblock-prov-schema/build/annotated/ogc-utils/prov-agent/schema.yaml
/_anyOf/0/has_provenance/_anyOf/0/_oneOf/0/wasInfluencedBy/_anyOf/0/_oneOf/1/qualifiedAssociation/_oneOf/1/hadPlan	http://www.w3.org/ns/prov#hadPlan	https://ogcincubator.github.io/bblock-prov-schema/build/annotated/ogc-utils/prov-agent/schema.yaml
/_anyOf/0/has_provenance/_anyOf/0/_oneOf/0/qualifiedInfluence	http://www.w3.org/ns/prov#qualifiedInfluence	https://ogcincubator.github.io/bblock-prov-schema/build/annotated/ogc-utils/prov/schema.yaml
/_anyOf/0/has_provenance/_anyOf/0/_oneOf/0/qualifiedInfluence/_oneOf/1/id	@id	https://ogcincubator.github.io/bblock-prov-schema/build/annotated/ogc-utils/prov/schema.yaml
/_anyOf/0/has_provenance/_anyOf/0/_oneOf/0/qualifiedInfluence/_oneOf/1/influencer	http://www.w3.org/ns/prov#influencer	https://ogcincubator.github.io/bblock-prov-schema/build/annotated/ogc-utils/prov/schema.yaml
/_anyOf/0/has_provenance/_anyOf/0/_oneOf/0/qualifiedInfluence/_oneOf/1/entity	http://www.w3.org/ns/prov#entity	https://ogcincubator.github.io/bblock-prov-schema/build/annotated/ogc-utils/prov/schema.yaml
/_anyOf/0/has_provenance/_anyOf/0/_oneOf/0/qualifiedInfluence/_oneOf/1/activity	http://www.w3.org/ns/prov#activity	https://ogcincubator.github.io/bblock-prov-schema/build/annotated/ogc-utils/prov/schema.yaml
/_anyOf/0/has_provenance/_anyOf/0/_oneOf/0/qualifiedInfluence/_oneOf/1/agent	http://www.w3.org/ns/prov#agent	https://ogcincubator.github.io/bblock-prov-schema/build/annotated/ogc-utils/prov/schema.yaml
/_anyOf/0/has_provenance/_anyOf/0/_oneOf/0/_anyOf/0/type		https://ogcincubator.github.io/bblock-prov-schema/build/annotated/ogc-utils/prov-entity/schema.yaml
/_anyOf/0/has_provenance/_anyOf/0/_oneOf/0/_anyOf/0/hadMember	http://www.w3.org/ns/prov#hadMember	https://ogcincubator.github.io/bblock-prov-schema/build/annotated/ogc-utils/prov-entity/schema.yaml
/_anyOf/0/has_provenance/_anyOf/0/_oneOf/0/_anyOf/1/type		https://ogcincubator.github.io/bblock-prov-schema/build/annotated/ogc-utils/prov-entity/schema.yaml
/_anyOf/0/has_provenance/_anyOf/0/_oneOf/0/_anyOf/1/hadMember	http://www.w3.org/ns/prov#hadMember	https://ogcincubator.github.io/bblock-prov-schema/build/annotated/ogc-utils/prov-entity/schema.yaml
/_anyOf/0/has_provenance/_anyOf/0/_oneOf/0/id	@id	https://ogcincubator.github.io/bblock-prov-schema/build/annotated/ogc-utils/prov-entity/schema.yaml
/_anyOf/0/has_provenance/_anyOf/0/_oneOf/0/provType	@type	https://ogcincubator.github.io/bblock-prov-schema/build/annotated/ogc-utils/prov-entity/schema.yaml
/_anyOf/0/has_provenance/_anyOf/0/_oneOf/0/prov:type		https://ogcincubator.github.io/bblock-prov-schema/build/annotated/ogc-utils/prov-entity/schema.yaml
/_anyOf/0/has_provenance/_anyOf/0/_oneOf/0/featureType	@type	https://ogcincubator.github.io/bblock-prov-schema/build/annotated/ogc-utils/prov-entity/schema.yaml
/_anyOf/0/has_provenance/_anyOf/0/_oneOf/0/entityType	@type	https://ogcincubator.github.io/bblock-prov-schema/build/annotated/ogc-utils/prov-entity/schema.yaml
/_anyOf/0/has_provenance/_anyOf/0/_oneOf/0/has_provenance	http://purl.org/dc/terms/provenance	https://ogcincubator.github.io/bblock-prov-schema/build/annotated/ogc-utils/prov-entity/schema.yaml
/_anyOf/0/has_provenance/_anyOf/0/_oneOf/0/wasGeneratedBy	http://www.w3.org/ns/prov#wasGeneratedBy	https://ogcincubator.github.io/bblock-prov-schema/build/annotated/ogc-utils/prov-entity/schema.yaml
/_anyOf/0/has_provenance/_anyOf/0/_oneOf/0/wasAttributedTo	http://www.w3.org/ns/prov#wasAttributedTo	https://ogcincubator.github.io/bblock-prov-schema/build/annotated/ogc-utils/prov-entity/schema.yaml
/_anyOf/0/has_provenance/_anyOf/0/_oneOf/0/wasDerivedFrom	http://www.w3.org/ns/prov#wasDerivedFrom	https://ogcincubator.github.io/bblock-prov-schema/build/annotated/ogc-utils/prov-entity/schema.yaml
/_anyOf/0/has_provenance/_anyOf/0/_oneOf/0/alternateOf	http://www.w3.org/ns/prov#alternateOf	https://ogcincubator.github.io/bblock-prov-schema/build/annotated/ogc-utils/prov-entity/schema.yaml
/_anyOf/0/has_provenance/_anyOf/0/_oneOf/0/hadPrimarySource	http://www.w3.org/ns/prov#hadPrimarySource	https://ogcincubator.github.io/bblock-prov-schema/build/annotated/ogc-utils/prov-entity/schema.yaml
/_anyOf/0/has_provenance/_anyOf/0/_oneOf/0/specializationOf	http://www.w3.org/ns/prov#specializationOf	https://ogcincubator.github.io/bblock-prov-schema/build/annotated/ogc-utils/prov-entity/schema.yaml
/_anyOf/0/has_provenance/_anyOf/0/_oneOf/0/wasInvalidatedBy	http://www.w3.org/ns/prov#wasInvalidatedBy	https://ogcincubator.github.io/bblock-prov-schema/build/annotated/ogc-utils/prov-entity/schema.yaml
/_anyOf/0/has_provenance/_anyOf/0/_oneOf/0/wasQuotedFrom	http://www.w3.org/ns/prov#wasQuotedFrom	https://ogcincubator.github.io/bblock-prov-schema/build/annotated/ogc-utils/prov-entity/schema.yaml
/_anyOf/0/has_provenance/_anyOf/0/_oneOf/0/wasRevisionOf	http://www.w3.org/ns/prov#wasRevisionOf	https://ogcincubator.github.io/bblock-prov-schema/build/annotated/ogc-utils/prov-entity/schema.yaml
/_anyOf/0/has_provenance/_anyOf/0/_oneOf/0/atLocation	http://www.w3.org/ns/prov#atLocation	https://ogcincubator.github.io/bblock-prov-schema/build/annotated/ogc-utils/prov-entity/schema.yaml
/_anyOf/0/has_provenance/_anyOf/0/_oneOf/0/links	http://www.w3.org/2000/01/rdf-schema#seeAlso	https://ogcincubator.github.io/bblock-prov-schema/build/annotated/ogc-utils/prov-entity/schema.yaml
/_anyOf/0/has_provenance/_anyOf/0/_oneOf/0/qualifiedGeneration	http://www.w3.org/ns/prov#qualifiedGeneration	https://ogcincubator.github.io/bblock-prov-schema/build/annotated/ogc-utils/prov-entity/schema.yaml
/_anyOf/0/has_provenance/_anyOf/0/_oneOf/0/qualifiedGeneration/_oneOf/1/type		https://ogcincubator.github.io/bblock-prov-schema/build/annotated/ogc-utils/prov-activity/schema.yaml
/_anyOf/0/has_provenance/_anyOf/0/_oneOf/0/qualifiedInvalidation	http://www.w3.org/ns/prov#qualifiedInvalidation	https://ogcincubator.github.io/bblock-prov-schema/build/annotated/ogc-utils/prov-entity/schema.yaml
/_anyOf/0/has_provenance/_anyOf/0/_oneOf/0/qualifiedInvalidation/_oneOf/1/type		https://ogcincubator.github.io/bblock-prov-schema/build/annotated/ogc-utils/prov-activity/schema.yaml
/_anyOf/0/has_provenance/_anyOf/0/_oneOf/0/qualifiedDerivation	http://www.w3.org/ns/prov#qualifiedDerivation	https://ogcincubator.github.io/bblock-prov-schema/build/annotated/ogc-utils/prov-entity/schema.yaml
/_anyOf/0/has_provenance/_anyOf/0/_oneOf/0/qualifiedDerivation/_oneOf/1/id	@id	https://ogcincubator.github.io/bblock-prov-schema/build/annotated/ogc-utils/prov-activity/schema.yaml
/_anyOf/0/has_provenance/_anyOf/0/_oneOf/0/qualifiedDerivation/_oneOf/1/type		https://ogcincubator.github.io/bblock-prov-schema/build/annotated/ogc-utils/prov-activity/schema.yaml
/_anyOf/0/has_provenance/_anyOf/0/_oneOf/0/qualifiedDerivation/_oneOf/1/hadGeneration	http://www.w3.org/ns/prov#hadGeneration	https://ogcincubator.github.io/bblock-prov-schema/build/annotated/ogc-utils/prov-activity/schema.yaml
/_anyOf/0/has_provenance/_anyOf/0/_oneOf/0/qualifiedDerivation/_oneOf/1/hadActivity	http://www.w3.org/ns/prov#hadActivity	https://ogcincubator.github.io/bblock-prov-schema/build/annotated/ogc-utils/prov-activity/schema.yaml
/_anyOf/0/has_provenance/_anyOf/0/_oneOf/0/qualifiedDerivation/_oneOf/1/hadUsage	http://www.w3.org/ns/prov#hadUsage	https://ogcincubator.github.io/bblock-prov-schema/build/annotated/ogc-utils/prov-activity/schema.yaml
/_anyOf/0/has_provenance/_anyOf/0/_oneOf/0/qualifiedDerivation/_oneOf/1/entity	http://www.w3.org/ns/prov#entity	https://ogcincubator.github.io/bblock-prov-schema/build/annotated/ogc-utils/prov-activity/schema.yaml
/_anyOf/0/has_provenance/_anyOf/0/_oneOf/0/qualifiedAttribution	http://www.w3.org/ns/prov#qualifiedAttribution	https://ogcincubator.github.io/bblock-prov-schema/build/annotated/ogc-utils/prov-entity/schema.yaml
/_anyOf/0/has_provenance/_anyOf/0/_oneOf/0/qualifiedAttribution/_oneOf/1/id	@id	https://ogcincubator.github.io/bblock-prov-schema/build/annotated/ogc-utils/prov-activity/schema.yaml
/_anyOf/0/has_provenance/_anyOf/0/_oneOf/0/qualifiedAttribution/_oneOf/1/type		https://ogcincubator.github.io/bblock-prov-schema/build/annotated/ogc-utils/prov-activity/schema.yaml
/_anyOf/0/has_provenance/_anyOf/0/_oneOf/0/qualifiedAttribution/_oneOf/1/agent	http://www.w3.org/ns/prov#agent	https://ogcincubator.github.io/bblock-prov-schema/build/annotated/ogc-utils/prov-activity/schema.yaml
/_anyOf/1/wasGeneratedBy		https://surroundaustralia.github.io/3d-csdm-common/build/annotated/csdm/features/CSD/schema.yaml
/horizontalCRS	https://linked.data.gov.au/def/csdm/container/horizontalCRS	https://surroundaustralia.github.io/3d-csdm-common/build/annotated/csdm/features/CSD/schema.yaml
/compoundCRS	https://linked.data.gov.au/def/csdm/container/compoundCRS	https://surroundaustralia.github.io/3d-csdm-common/build/annotated/csdm/features/CSD/schema.yaml
/verticalDatum	https://linked.data.gov.au/def/csdm/container/verticalDatum	https://surroundaustralia.github.io/3d-csdm-common/build/annotated/csdm/features/CSD/schema.yaml
/surveyDescription	https://linked.data.gov.au/def/csdm/container/surveyDescription	https://surroundaustralia.github.io/3d-csdm-common/build/annotated/csdm/features/CSD/schema.yaml
/surveyDescriptors	https://linked.data.gov.au/def/csdm/container/surveyDescriptors	https://surroundaustralia.github.io/3d-csdm-common/build/annotated/csdm/features/CSD/schema.yaml
/surveyDescriptors/label	http://www.w3.org/2000/01/rdf-schema#label	https://surroundaustralia.github.io/3d-csdm-common/build/annotated/csdm/datatypes/compoundName/schema.yaml
/surveyDescriptors/template		https://surroundaustralia.github.io/3d-csdm-common/build/annotated/csdm/datatypes/compoundName/schema.yaml
/surveyDescriptors/hasPart	http://purl.org/dc/terms/hasPart	https://surroundaustralia.github.io/3d-csdm-common/build/annotated/csdm/datatypes/compoundName/schema.yaml
/surveyDescriptors/hasPart/label	http://www.w3.org/2000/01/rdf-schema#label	https://surroundaustralia.github.io/3d-csdm-common/build/annotated/csdm/datatypes/compoundName/schema.yaml
/surveyDescriptors/hasPart/type	https://linked.data.gov.au/def/csdm/commonpatterns/namePartType	https://surroundaustralia.github.io/3d-csdm-common/build/annotated/csdm/datatypes/compoundName/schema.yaml
/purpose	https://linked.data.gov.au/def/csdm/container/purpose	https://surroundaustralia.github.io/3d-csdm-common/build/annotated/csdm/features/CSD/schema.yaml
/surveyType	https://linked.data.gov.au/def/csdm/container/surveyType	https://surroundaustralia.github.io/3d-csdm-common/build/annotated/csdm/features/CSD/schema.yaml
/referencedCSDs	https://linked.data.gov.au/def/csdm/container/referencedCSD	https://surroundaustralia.github.io/3d-csdm-common/build/annotated/csdm/features/CSD/schema.yaml
/referencedCSDs/id		https://surroundaustralia.github.io/3d-csdm-common/build/annotated/csdm/features/CSD/schema.yaml
/adminUnit	https://linked.data.gov.au/def/csdm/container/adminUnit	https://surroundaustralia.github.io/3d-csdm-common/build/annotated/csdm/features/CSD/schema.yaml
/supportingDocuments	https://linked.data.gov.au/def/csdm/container/supportingDocuments	https://surroundaustralia.github.io/3d-csdm-common/build/annotated/csdm/features/CSD/schema.yaml
/points	https://linked.data.gov.au/def/csdm/container/points	https://surroundaustralia.github.io/3d-csdm-common/build/annotated/csdm/features/CSD/schema.yaml
/points/features		https://surroundaustralia.github.io/3d-csdm-common/build/annotated/csdm/features/CSD/schema.yaml
/points/features/_anyOf/0/featureType		https://surroundaustralia.github.io/3d-csdm-common/build/annotated/csdm/features/SurveyFeatures/schema.yaml
/points/features/_anyOf/0/properties		https://surroundaustralia.github.io/3d-csdm-common/build/annotated/csdm/features/SurveyFeatures/schema.yaml
/points/features/_anyOf/0/properties/name	https://linked.data.gov.au/def/csdm/commonpatterns/name	https://surroundaustralia.github.io/3d-csdm-common/build/annotated/csdm/features/SurveyFeatures/schema.yaml
/points/features/_anyOf/0/properties/purpose	https://linked.data.gov.au/def/csdm/surveyfeatures/purpose	https://surroundaustralia.github.io/3d-csdm-common/build/annotated/csdm/features/SurveyFeatures/schema.yaml
/points/features/_anyOf/0/properties/has_provenance		https://surroundaustralia.github.io/3d-csdm-common/build/annotated/csdm/features/SurveyFeatures/schema.yaml
/points/features/_anyOf/0/properties/ptQuality	https://linked.data.gov.au/def/csdm/commonpatterns/qualityClass	https://surroundaustralia.github.io/3d-csdm-common/build/annotated/csdm/features/SurveyFeatures/schema.yaml
/points/features/_anyOf/0/properties/ptQualityMeasure	https://linked.data.gov.au/def/csdm/commonpatterns/qualityMeasure	https://surroundaustralia.github.io/3d-csdm-common/build/annotated/csdm/features/SurveyFeatures/schema.yaml
/points/features/_anyOf/0/properties/comment	http://www.w3.org/2000/01/rdf-schema#comment	https://surroundaustralia.github.io/3d-csdm-common/build/annotated/csdm/features/SurveyFeatures/schema.yaml
/points/features/_anyOf/0/properties/monumentedBy	https://linked.data.gov.au/def/csdm/surveyfeatures/monumentedBy	https://surroundaustralia.github.io/3d-csdm-common/build/annotated/csdm/features/SurveyFeatures/schema.yaml
/points/features/_anyOf/0/properties/monumentedBy/condition	https://linked.data.gov.au/def/csdm/surveyfeatures/condition	https://surroundaustralia.github.io/3d-csdm-common/build/annotated/csdm/features/SurveyFeatures/schema.yaml
/points/features/_anyOf/0/properties/monumentedBy/form	https://linked.data.gov.au/def/csdm/surveyfeatures/form	https://surroundaustralia.github.io/3d-csdm-common/build/annotated/csdm/features/SurveyFeatures/schema.yaml
/points/features/_anyOf/0/properties/monumentedBy/replaces	https://linked.data.gov.au/def/csdm/surveyfeatures/replaces	https://surroundaustralia.github.io/3d-csdm-common/build/annotated/csdm/features/SurveyFeatures/schema.yaml
/points/features/_anyOf/0/properties/monumentedBy/state	https://linked.data.gov.au/def/csdm/surveyfeatures/state	https://surroundaustralia.github.io/3d-csdm-common/build/annotated/csdm/features/SurveyFeatures/schema.yaml
/points/features/_anyOf/1/featureType		https://surroundaustralia.github.io/3d-csdm-common/build/annotated/csdm/features/SurveyFeatures/schema.yaml
/points/features/_anyOf/1/properties		https://surroundaustralia.github.io/3d-csdm-common/build/annotated/csdm/features/SurveyFeatures/schema.yaml
/points/features/_anyOf/1/properties/age	https://linked.data.gov.au/def/csdm/surveyfeatures/age	https://surroundaustralia.github.io/3d-csdm-common/build/annotated/csdm/features/SurveyFeatures/schema.yaml
/points/features/_anyOf/1/properties/note	http://www.w3.org/2000/01/rdf-schema#comment	https://surroundaustralia.github.io/3d-csdm-common/build/annotated/csdm/features/SurveyFeatures/schema.yaml
/points/features/_anyOf/2/featureType		https://surroundaustralia.github.io/3d-csdm-common/build/annotated/csdm/features/SurveyFeatures/schema.yaml
/points/features/_anyOf/2/properties		https://surroundaustralia.github.io/3d-csdm-common/build/annotated/csdm/features/SurveyFeatures/schema.yaml
/points/features/_anyOf/3/featureType		https://surroundaustralia.github.io/3d-csdm-common/build/annotated/csdm/features/SurveyFeatures/schema.yaml
/points/features/_anyOf/3/properties		https://surroundaustralia.github.io/3d-csdm-common/build/annotated/csdm/features/SurveyFeatures/schema.yaml
/points/features/_anyOf/3/properties/geodeticid	https://linked.data.gov.au/def/csdm/surveyfeatures/geodeticid	https://surroundaustralia.github.io/3d-csdm-common/build/annotated/csdm/features/SurveyFeatures/schema.yaml
/points/features/_anyOf/5/topology		https://ogcincubator.github.io/topo-feature/build/annotated/geo/topo/features/topo-line/schema.yaml
/points/features/_anyOf/5/topology/type		https://ogcincubator.github.io/topo-feature/build/annotated/geo/topo/features/topo-line/schema.yaml
/points/features/_anyOf/5/properties		https://surroundaustralia.github.io/3d-csdm-common/build/annotated/csdm/features/SurveyFeatures/schema.yaml
/points/features/_anyOf/5/properties/distance		https://surroundaustralia.github.io/3d-csdm-common/build/annotated/csdm/features/SurveyFeatures/schema.yaml
/points/features/_anyOf/5/properties/vectorPurpose	https://linked.data.gov.au/def/csdm/surveyfeatures/vectorPurpose	https://surroundaustralia.github.io/3d-csdm-common/build/annotated/csdm/features/SurveyFeatures/schema.yaml
/points/features/_anyOf/5/properties/comment	http://www.w3.org/2000/01/rdf-schema#comment	https://surroundaustralia.github.io/3d-csdm-common/build/annotated/csdm/features/SurveyFeatures/schema.yaml
/points/features/featureType	@type	https://surroundaustralia.github.io/3d-csdm-common/build/annotated/csdm/features/CSD/schema.yaml
/observedVectors	https://linked.data.gov.au/def/csdm/container/observedVectors	https://surroundaustralia.github.io/3d-csdm-common/build/annotated/csdm/features/CSD/schema.yaml
/observedVectors/features		https://surroundaustralia.github.io/3d-csdm-common/build/annotated/csdm/features/CSD/schema.yaml
/observedVectors/features/_anyOf/1/topology		https://ogcincubator.github.io/topo-feature/build/annotated/geo/topo/features/topo-arc/schema.yaml
/observedVectors/features/_anyOf/1/topology/_oneOf/0/type		https://ogcincubator.github.io/topo-feature/build/annotated/geo/topo/features/topo-arc/schema.yaml
/observedVectors/features/_anyOf/1/topology/_oneOf/0/references		https://ogcincubator.github.io/topo-feature/build/annotated/geo/topo/features/topo-arc/schema.yaml
/observedVectors/features/_anyOf/1/topology/_oneOf/1/type		https://ogcincubator.github.io/topo-feature/build/annotated/geo/topo/features/topo-arc/schema.yaml
/observedVectors/features/_anyOf/1/topology/_oneOf/1/references		https://ogcincubator.github.io/topo-feature/build/annotated/geo/topo/features/topo-arc/schema.yaml
/observedVectors/features/_anyOf/1/topology/_oneOf/1/orientation		https://ogcincubator.github.io/topo-feature/build/annotated/geo/topo/features/topo-arc/schema.yaml
/observedVectors/features/_anyOf/1/topology/_oneOf/2/type		https://ogcincubator.github.io/topo-feature/build/annotated/geo/topo/features/topo-arc/schema.yaml
/observedVectors/features/_anyOf/1/topology/_oneOf/2/references		https://ogcincubator.github.io/topo-feature/build/annotated/geo/topo/features/topo-arc/schema.yaml
/observedVectors/features/_anyOf/1/topology/_oneOf/2/radius		https://ogcincubator.github.io/topo-feature/build/annotated/geo/topo/features/topo-arc/schema.yaml
/observedVectors/features/_anyOf/1/topology/_oneOf/2/orientation		https://ogcincubator.github.io/topo-feature/build/annotated/geo/topo/features/topo-arc/schema.yaml
/observedVectors/features/_anyOf/1/topology/_oneOf/3/type		https://ogcincubator.github.io/topo-feature/build/annotated/geo/topo/features/topo-arc/schema.yaml
/observedVectors/features/_anyOf/1/topology/_oneOf/3/references		https://ogcincubator.github.io/topo-feature/build/annotated/geo/topo/features/topo-arc/schema.yaml
/observedVectors/features/_anyOf/1/topology/_oneOf/3/radius		https://ogcincubator.github.io/topo-feature/build/annotated/geo/topo/features/topo-arc/schema.yaml
/observedVectors/features/_anyOf/1/topology/_oneOf/4/type		https://ogcincubator.github.io/topo-feature/build/annotated/geo/topo/features/topo-arc/schema.yaml
/observedVectors/features/_anyOf/1/topology/_oneOf/4/references		https://ogcincubator.github.io/topo-feature/build/annotated/geo/topo/features/topo-arc/schema.yaml
/observedVectors/features/_anyOf/1/topology/_oneOf/5/type		https://ogcincubator.github.io/topo-feature/build/annotated/geo/topo/features/topo-arc/schema.yaml
/observedVectors/features/_anyOf/1/topology/_oneOf/5/references		https://ogcincubator.github.io/topo-feature/build/annotated/geo/topo/features/topo-arc/schema.yaml
/observedVectors/features/_anyOf/1/topology/_oneOf/5/startTangentVector		https://ogcincubator.github.io/topo-feature/build/annotated/geo/topo/features/topo-arc/schema.yaml
/observedVectors/features/_anyOf/1/topology/_oneOf/5/startTangentVector/references		https://ogcincubator.github.io/topo-feature/build/annotated/geo/topo/features/topo-arc/schema.yaml
/observedVectors/features/_anyOf/1/topology/_oneOf/5/endTangentVector		https://ogcincubator.github.io/topo-feature/build/annotated/geo/topo/features/topo-arc/schema.yaml
/observedVectors/features/_anyOf/1/topology/_oneOf/5/endTangentVector/references		https://ogcincubator.github.io/topo-feature/build/annotated/geo/topo/features/topo-arc/schema.yaml
/observedVectors/features/_anyOf/1/radius		https://ogcincubator.github.io/topo-feature/build/annotated/geo/topo/features/topo-arc/schema.yaml
/observedVectors/features/_anyOf/1/arcLength		https://ogcincubator.github.io/topo-feature/build/annotated/geo/topo/features/topo-arc/schema.yaml
/observedVectors/features/_anyOf/2/topology		https://surroundaustralia.github.io/3d-csdm-common/build/annotated/csdm/features/CSD/schema.yaml
/observedVectors/features/_anyOf/2/topology/type		https://surroundaustralia.github.io/3d-csdm-common/build/annotated/csdm/features/CSD/schema.yaml
/observedVectors/features/_anyOf/2/topology/references		https://surroundaustralia.github.io/3d-csdm-common/build/annotated/csdm/features/CSD/schema.yaml
/observedVectors/_anyOf/0/featureType	@type	https://surroundaustralia.github.io/3d-csdm-common/build/annotated/csdm/features/CSD/schema.yaml
/observedVectors/_anyOf/1/features		https://surroundaustralia.github.io/3d-csdm-common/build/annotated/csdm/features/CSD/schema.yaml
/observedVectors/_anyOf/1/features/featureType		https://surroundaustralia.github.io/3d-csdm-common/build/annotated/csdm/features/CSD/schema.yaml
/adoptedVectors	https://linked.data.gov.au/def/csdm/container/adoptedVectors	https://surroundaustralia.github.io/3d-csdm-common/build/annotated/csdm/features/CSD/schema.yaml
/adoptedVectors/_anyOf/0/featureType	@type	https://surroundaustralia.github.io/3d-csdm-common/build/annotated/csdm/features/CSD/schema.yaml
/adoptedVectors/_anyOf/1/features		https://surroundaustralia.github.io/3d-csdm-common/build/annotated/csdm/features/CSD/schema.yaml
/adoptedVectors/_anyOf/1/features/featureType		https://surroundaustralia.github.io/3d-csdm-common/build/annotated/csdm/features/CSD/schema.yaml
/parcels	https://linked.data.gov.au/def/csdm/container/parcels	https://surroundaustralia.github.io/3d-csdm-common/build/annotated/csdm/features/CSD/schema.yaml
/parcels/featureType	@type	https://surroundaustralia.github.io/3d-csdm-common/build/annotated/csdm/features/CSD/schema.yaml
/parcels/features		https://surroundaustralia.github.io/3d-csdm-common/build/annotated/csdm/features/CSD/schema.yaml
/parcels/features/properties	@nest	https://surroundaustralia.github.io/3d-csdm-common/build/annotated/csdm/features/CSD/schema.yaml
/parcels/features/properties/appellation	https://linked.data.gov.au/def/csdm/parcels/appellation	https://surroundaustralia.github.io/3d-csdm-common/build/annotated/csdm/features/CSD/schema.yaml
/parcels/features/properties/parcelType	https://linked.data.gov.au/def/csdm/parcels/type	https://surroundaustralia.github.io/3d-csdm-common/build/annotated/csdm/features/CSD/schema.yaml
/parcels/features/properties/parcelState	https://linked.data.gov.au/def/csdm/parcels/state	https://surroundaustralia.github.io/3d-csdm-common/build/annotated/csdm/features/CSD/schema.yaml
/parcels/features/properties/address	https://schema.org/address	https://surroundaustralia.github.io/3d-csdm-common/build/annotated/csdm/features/CSD/schema.yaml
/parcels/features/properties/parcelPurpose	https://linked.data.gov.au/def/csdm/parcels/purpose	https://surroundaustralia.github.io/3d-csdm-common/build/annotated/csdm/features/CSD/schema.yaml
/parcels/features/properties/area	https://linked.data.gov.au/def/csdm/parcels/surfaceArea	https://surroundaustralia.github.io/3d-csdm-common/build/annotated/csdm/features/CSD/schema.yaml
/parcels/features/properties/floor	https://linked.data.gov.au/def/csdm/parcels/floor	https://surroundaustralia.github.io/3d-csdm-common/build/annotated/csdm/features/CSD/schema.yaml
/parcels/features/properties/zmin	https://linked.data.gov.au/def/csdm/parcels/zmin	https://surroundaustralia.github.io/3d-csdm-common/build/annotated/csdm/features/CSD/schema.yaml
/parcels/features/properties/zmax	https://linked.data.gov.au/def/csdm/parcels/zmax	https://surroundaustralia.github.io/3d-csdm-common/build/annotated/csdm/features/CSD/schema.yaml
/parcels/features/properties/interests	https://linked.data.gov.au/def/csdm/parcels/interest	https://surroundaustralia.github.io/3d-csdm-common/build/annotated/csdm/features/CSD/schema.yaml
/parcels/features/properties/interests/interestLink	https://linked.data.gov.au/def/csdm/parcels/interestLink	https://surroundaustralia.github.io/3d-csdm-common/build/annotated/csdm/features/CSD/schema.yaml
/parcels/features/properties/interests/interestName	https://linked.data.gov.au/def/csdm/parcels/interestName	https://surroundaustralia.github.io/3d-csdm-common/build/annotated/csdm/features/CSD/schema.yaml
/parcels/features/properties/interests/interestType	https://linked.data.gov.au/def/csdm/parcels/interestType	https://surroundaustralia.github.io/3d-csdm-common/build/annotated/csdm/features/CSD/schema.yaml
/parcels/features/properties/interests/dateInForce	https://linked.data.gov.au/def/csdm/parcels/interestDateInForce	https://surroundaustralia.github.io/3d-csdm-common/build/annotated/csdm/features/CSD/schema.yaml
/parcels/features/properties/interests/dateExpires	https://linked.data.gov.au/def/csdm/parcels/interestDateExpires	https://surroundaustralia.github.io/3d-csdm-common/build/annotated/csdm/features/CSD/schema.yaml
/parcels/features/properties/interests/statuteLink	https://linked.data.gov.au/def/csdm/parcels/statuteLink	https://surroundaustralia.github.io/3d-csdm-common/build/annotated/csdm/features/CSD/schema.yaml
/parcels/features/properties/interests/statuteName	https://linked.data.gov.au/def/csdm/parcels/statuteName	https://surroundaustralia.github.io/3d-csdm-common/build/annotated/csdm/features/CSD/schema.yaml
/parcels/features/properties/interests/benefitedPartyName	https://linked.data.gov.au/def/csdm/parcels/benefitedPartyName	https://surroundaustralia.github.io/3d-csdm-common/build/annotated/csdm/features/CSD/schema.yaml
/parcels/features/properties/interests/benefitedPartyLink	https://linked.data.gov.au/def/csdm/parcels/benefitedPartyLink	https://surroundaustralia.github.io/3d-csdm-common/build/annotated/csdm/features/CSD/schema.yaml
/parcels/features/properties/interests/originalSurveyLink	https://linked.data.gov.au/def/csdm/parcels/originalSurveyLink	https://surroundaustralia.github.io/3d-csdm-common/build/annotated/csdm/features/CSD/schema.yaml
/parcels/features/properties/interests/referencedParcel	https://linked.data.gov.au/def/csdm/parcels/referencedParcel	https://surroundaustralia.github.io/3d-csdm-common/build/annotated/csdm/features/CSD/schema.yaml
/parcels/features/properties/interests/burdenedParcels	https://linked.data.gov.au/def/csdm/parcels/burdened	https://surroundaustralia.github.io/3d-csdm-common/build/annotated/csdm/features/CSD/schema.yaml
/parcels/features/properties/interests/benefitedParcels	https://linked.data.gov.au/def/csdm/parcels/benefited	https://surroundaustralia.github.io/3d-csdm-common/build/annotated/csdm/features/CSD/schema.yaml
/parcels/features/properties/interests/description	https://linked.data.gov.au/def/csdm/parcels/interestDescription	https://surroundaustralia.github.io/3d-csdm-common/build/annotated/csdm/features/CSD/schema.yaml
/parcels/features/properties/interests/entitlementPortion	https://linked.data.gov.au/def/csdm/parcels/entitlementPortion	https://surroundaustralia.github.io/3d-csdm-common/build/annotated/csdm/features/CSD/schema.yaml
/parcels/features/properties/interests/liabilityPortion	https://linked.data.gov.au/def/csdm/parcels/liabilityPortion	https://surroundaustralia.github.io/3d-csdm-common/build/annotated/csdm/features/CSD/schema.yaml
/parcels/_oneOf/0/featureType	@type	https://surroundaustralia.github.io/3d-csdm-common/build/annotated/csdm/features/CSD/schema.yaml
/parcels/_oneOf/1/featureType	@type	https://surroundaustralia.github.io/3d-csdm-common/build/annotated/csdm/features/CSD/schema.yaml
/parcels/_oneOf/1/features		https://surroundaustralia.github.io/3d-csdm-common/build/annotated/csdm/features/CSD/schema.yaml
/parcels/_oneOf/1/features/properties	@nest	https://surroundaustralia.github.io/3d-csdm-common/build/annotated/csdm/features/CSD/schema.yaml
/vectorObservations	https://linked.data.gov.au/def/csdm/container/vectorObservations	https://surroundaustralia.github.io/3d-csdm-common/build/annotated/csdm/features/CSD/schema.yaml
/vectorObservations/resultTime	http://www.w3.org/ns/sosa/resultTime	https://opengeospatial.github.io/ogcapi-sosa/build/annotated/sosa/properties/observationCollection/schema.yaml
/vectorObservations/phenomenonTime	http://www.w3.org/ns/sosa/phenomenonTime	https://opengeospatial.github.io/ogcapi-sosa/build/annotated/sosa/properties/observationCollection/schema.yaml
/vectorObservations/hasFeatureOfInterest	http://www.w3.org/ns/sosa/hasFeatureOfInterest	https://opengeospatial.github.io/ogcapi-sosa/build/annotated/sosa/properties/observationCollection/schema.yaml
/vectorObservations/observedProperty	http://www.w3.org/ns/sosa/observedProperty	https://opengeospatial.github.io/ogcapi-sosa/build/annotated/sosa/properties/observationCollection/schema.yaml
/vectorObservations/usedProcedure	http://www.w3.org/ns/sosa/usedProcedure	https://opengeospatial.github.io/ogcapi-sosa/build/annotated/sosa/properties/observationCollection/schema.yaml
/vectorObservations/madeBySensor	http://www.w3.org/ns/sosa/madeBySensor	https://opengeospatial.github.io/ogcapi-sosa/build/annotated/sosa/properties/observationCollection/schema.yaml
/vectorObservations/hasMember	http://www.w3.org/ns/sosa/hasMember	https://opengeospatial.github.io/ogcapi-sosa/build/annotated/sosa/properties/observationCollection/schema.yaml
/vectorObservations/hasMember/_anyOf/1/resultTime	http://www.w3.org/ns/sosa/resultTime	https://opengeospatial.github.io/ogcapi-sosa/build/annotated/sosa/properties/observation-owa/schema.yaml
/vectorObservations/hasMember/_anyOf/1/phenomenonTime	http://www.w3.org/ns/sosa/phenomenonTime	https://opengeospatial.github.io/ogcapi-sosa/build/annotated/sosa/properties/observation-owa/schema.yaml
/vectorObservations/hasMember/_anyOf/1/hasFeatureOfInterest	http://www.w3.org/ns/sosa/hasFeatureOfInterest	https://opengeospatial.github.io/ogcapi-sosa/build/annotated/sosa/properties/observation-owa/schema.yaml
/vectorObservations/hasMember/_anyOf/1/observedProperty	http://www.w3.org/ns/sosa/observedProperty	https://opengeospatial.github.io/ogcapi-sosa/build/annotated/sosa/properties/observation-owa/schema.yaml
/vectorObservations/hasMember/_anyOf/1/usedProcedure	http://www.w3.org/ns/sosa/usedProcedure	https://opengeospatial.github.io/ogcapi-sosa/build/annotated/sosa/properties/observation-owa/schema.yaml
/vectorObservations/hasMember/_anyOf/1/madeBySensor	http://www.w3.org/ns/sosa/madeBySensor	https://opengeospatial.github.io/ogcapi-sosa/build/annotated/sosa/properties/observation-owa/schema.yaml
/vectorObservations/hasMember/_anyOf/1/hasResult		https://opengeospatial.github.io/ogcapi-sosa/build/annotated/sosa/properties/observation-owa/schema.yaml
/vectorObservations/hasMember/_anyOf/1/result		https://opengeospatial.github.io/ogcapi-sosa/build/annotated/sosa/properties/observation-owa/schema.yaml
/vectorObservations/hasMember/_anyOf/1/result@links		https://opengeospatial.github.io/ogcapi-sosa/build/annotated/sosa/properties/observation-owa/schema.yaml
/vectorObservations/hasMember/_anyOf/1/hasSimpleResult		https://opengeospatial.github.io/ogcapi-sosa/build/annotated/sosa/properties/observation-owa/schema.yaml
/vectorObservations/features	sosa:hasMember	https://surroundaustralia.github.io/3d-csdm-common/build/annotated/csdm/features/SurveyObservations/schema.yaml
/vectorObservations/features/properties	@nest	https://opengeospatial.github.io/ogcapi-sosa/build/annotated/sosa/features/observation/schema.yaml
/vectorObservations/features/properties/hasResultQuality		https://surroundaustralia.github.io/3d-csdm-common/build/annotated/csdm/features/SurveyObservations/schema.yaml
/vectorObservations/features/properties/hasResultQuality/angleAccuracy	https://linked.data.gov.au/def/csdm/surveyobs/angleAccuracyMeasure	https://surroundaustralia.github.io/3d-csdm-common/build/annotated/csdm/datatypes/quality/schema.yaml
/vectorObservations/features/properties/hasResultQuality/distanceAccuracy	https://linked.data.gov.au/def/csdm/surveyobs/distanceAccuracyMeasure	https://surroundaustralia.github.io/3d-csdm-common/build/annotated/csdm/datatypes/quality/schema.yaml
/vectorObservations/features/properties/hasResultQuality/distanceAccuracyClass	https://linked.data.gov.au/def/csdm/surveyobs/distanceAccuracyClass	https://surroundaustralia.github.io/3d-csdm-common/build/annotated/csdm/datatypes/quality/schema.yaml
/vectorObservations/features/properties/hasResultQuality/angleAccuracyClass	https://linked.data.gov.au/def/csdm/surveyobs/angleAccuracyClass	https://surroundaustralia.github.io/3d-csdm-common/build/annotated/csdm/datatypes/quality/schema.yaml
/vectorObservations/features/properties/hasResult	sosa:hasResult	https://surroundaustralia.github.io/3d-csdm-common/build/annotated/csdm/features/SurveyObservations/schema.yaml
/vectorObservations/features/properties/hasResult/pose	https://linked.data.gov.au/def/csdm/surveyfeatures/pose	https://surroundaustralia.github.io/3d-csdm-common/build/annotated/csdm/features/SurveyObservations/schema.yaml
/vectorObservations/features/properties/hasResult/pose/angles	https://linked.data.gov.au/def/csdm/utils/geopose/angles	https://surroundaustralia.github.io/3d-csdm-common/build/annotated/csdm/features/SurveyObservations/schema.yaml
/vectorObservations/features/properties/hasResult/pose/angles/yaw		https://surroundaustralia.github.io/3d-csdm-common/build/annotated/csdm/features/SurveyObservations/schema.yaml
/vectorObservations/features/properties/hasResult/pose/angles/pitch		https://surroundaustralia.github.io/3d-csdm-common/build/annotated/csdm/features/SurveyObservations/schema.yaml
/vectorObservations/features/properties/hasResult/pose/angles/roll		https://surroundaustralia.github.io/3d-csdm-common/build/annotated/csdm/features/SurveyObservations/schema.yaml
/vectorObservations/features/properties/hasResult/angle		https://surroundaustralia.github.io/3d-csdm-common/build/annotated/csdm/features/SurveyObservations/schema.yaml
/vectorObservations/features/properties/hasResult/distance	https://linked.data.gov.au/def/csdm/surveyfeatures/distance	https://surroundaustralia.github.io/3d-csdm-common/build/annotated/csdm/features/SurveyObservations/schema.yaml
/vectorObservations/properties		https://surroundaustralia.github.io/3d-csdm-common/build/annotated/csdm/features/SurveyObservations/schema.yaml
/vectorObservations/properties/angleType	https://linked.data.gov.au/def/csdm/surveyobs/angleType	https://surroundaustralia.github.io/3d-csdm-common/build/annotated/csdm/features/SurveyObservations/schema.yaml
/vectorObservations/properties/distanceType	https://linked.data.gov.au/def/csdm/surveyobs/distanceType	https://surroundaustralia.github.io/3d-csdm-common/build/annotated/csdm/features/SurveyObservations/schema.yaml
/vectorObservations/properties/madeBySensor	sosa:madeBySensor	https://surroundaustralia.github.io/3d-csdm-common/build/annotated/csdm/features/SurveyObservations/schema.yaml
/vectorObservations/properties/madeBySensor/sensorType	@type	https://surroundaustralia.github.io/3d-csdm-common/build/annotated/csdm/features/SurveyObservations/schema.yaml
/vectorObservations/properties/madeBySensor/_oneOf/0/sensorType	@type	https://surroundaustralia.github.io/3d-csdm-common/build/annotated/csdm/features/SurveyObservations/schema.yaml
/vectorObservations/properties/madeBySensor/_oneOf/0/baseSensor	https://linked.data.gov.au/def/csdm/sensors/baseSensor	https://surroundaustralia.github.io/3d-csdm-common/build/annotated/csdm/features/SurveyObservations/schema.yaml
/vectorObservations/properties/madeBySensor/_oneOf/0/roverSensor	https://linked.data.gov.au/def/csdm/sensors/roverSensor	https://surroundaustralia.github.io/3d-csdm-common/build/annotated/csdm/features/SurveyObservations/schema.yaml
/vectorObservations/properties/madeBySensor/_oneOf/1/sensorType	@type	https://surroundaustralia.github.io/3d-csdm-common/build/annotated/csdm/features/SurveyObservations/schema.yaml
/vectorObservations/properties/observedProperty	sosa:observedProperty	https://surroundaustralia.github.io/3d-csdm-common/build/annotated/csdm/features/SurveyObservations/schema.yaml
/adoptedObservations		https://surroundaustralia.github.io/3d-csdm-common/build/annotated/csdm/features/CSD/schema.yaml
/occupationObservations	https://linked.data.gov.au/def/csdm/container/occupationObservations	https://surroundaustralia.github.io/3d-csdm-common/build/annotated/csdm/features/CSD/schema.yaml
/occupationFeatures	https://linked.data.gov.au/def/csdm/container/occupationFeatures	https://surroundaustralia.github.io/3d-csdm-common/build/annotated/csdm/features/CSD/schema.yaml
